metric,measured,unit,target,pass,technical_argument,evidence
LiDAR RMSE,1.2455,m,<= 0.02,FAIL,"Frame misalignment — bracket angle caused 2.35m constant offset; RPLIDAR returning back-wall distance","15 readings at 4 distances showed consistent +2.35m offset"
IMU Drift,3189.24,deg/min,<= 0.5,FAIL,"EMI noise from motor PWM on I2C bus; MPU6050 uncalibrated; bias 0.9277 rad/s","1000-sample stationary hold; 6378× above target"
Odom Mean Error,4.11,%,<= 2.0,FAIL,"Wheel slip on acrylic base; encoder quantization at 360 CPR; systematic under-dispersion","10 trials, 2.0m target; all trials 3.5–4.7% error"
Odom SD,0.42,%,report only,REPORT,REPORT,"Consistent error pattern; low variance suggests systematic bias"
RGB-D Reprojection,0.30,px,<= 0.5,PASS,"Standard camera calibration procedure; Azure Kinect mounted correctly","camera_calibrator tool output"
TCRT5000 SNR,19.20,dB,>= 6.0,PASS,"High signal from 620nm LED strip; adequate separation from ambient noise","Signal ~650 ADC vs noise ~71 ADC; 19.2 dB margin"
tf2 Latency,N/A,ms,N/A,N/A,Not measured in V1 baseline,"tf2 latency monitoring added post-remediation"
Odom RMSE,N/A,m,<= 0.05,N/A,Not computed — odom_error_pct used instead,"odom_error_pct is percentage metric per thesis protocol"
Odom Mean Abs Error,N/A,m,<= 0.05,N/A,Not measured in V1 baseline,"Metric added post-remediation per user request"
